{
  "standings": [
    {
      "user": "Joshe_izarra",
      "team": "Pirates",
      "scheduled": 34,
      "played": 31,
      "wins": 27,
      "losses": 4,
      "remaining": 3,
      "k": 0,
      "points": 58,
      "points_base": 58,
      "points_extra": 0,
      "points_reason": "",
      "detail": []
    },
    {
      "user": "Mayolito7",
      "team": "Dodgers",
      "scheduled": 34,
      "played": 32,
      "wins": 24,
      "losses": 8,
      "remaining": 2,
      "k": 0,
      "points": 56,
      "points_base": 56,
      "points_extra": 0,
      "points_reason": "",
      "detail": []
    },
    {
      "user": "Bufon3-0",
      "team": "Twins",
      "scheduled": 34,
      "played": 34,
      "wins": 11,
      "losses": 23,
      "remaining": 0,
      "k": 0,
      "points": 45,
      "points_base": 45,
      "points_extra": 0,
      "points_reason": "",
      "detail": []
    },
    {
      "user": "Dcontreritas",
      "team": "Royals",
      "scheduled": 34,
      "played": 26,
      "wins": 17,
      "losses": 9,
      "remaining": 8,
      "k": 0,
      "points": 43,
      "points_base": 43,
      "points_extra": 0,
      "points_reason": "",
      "detail": []
    },
    {
      "user": "AV777",
      "team": "Red Sox",
      "scheduled": 34,
      "played": 32,
      "wins": 9,
      "losses": 23,
      "remaining": 2,
      "k": 0,
      "points": 41,
      "points_base": 41,
      "points_extra": 0,
      "points_reason": "",
      "detail": []
    },
    {
      "user": "lednew__",
      "team": "Rangers",
      "scheduled": 34,
      "played": 31,
      "wins": 9,
      "losses": 22,
      "remaining": 3,
      "k": 0,
      "points": 40,
      "points_base": 40,
      "points_extra": 0,
      "points_reason": "",
      "detail": []
    },
    {
      "user": "Francoxico",
      "team": "Diamondbacks",
      "scheduled": 34,
      "played": 22,
      "wins": 16,
      "losses": 6,
      "remaining": 12,
      "k": 0,
      "points": 38,
      "points_base": 38,
      "points_extra": 0,
      "points_reason": "",
      "detail": []
    },
    {
      "user": "ElChamaquin",
      "team": "Tigers",
      "scheduled": 34,
      "played": 24,
      "wins": 14,
      "losses": 10,
      "remaining": 10,
      "k": 0,
      "points": 38,
      "points_base": 38,
      "points_extra": 0,
      "points_reason": "",
      "detail": []
    },
    {
      "user": "JoseAco21",
      "team": "Braves",
      "scheduled": 34,
      "played": 20,
      "wins": 14,
      "losses": 6,
      "remaining": 14,
      "k": 0,
      "points": 34,
      "points_base": 34,
      "points_extra": 0,
      "points_reason": "",
      "detail": []
    },
    {
      "user": "SARMIENTOFO-SHO",
      "team": "Brewers",
      "scheduled": 34,
      "played": 21,
      "wins": 10,
      "losses": 11,
      "remaining": 13,
      "k": 0,
      "points": 31,
      "points_base": 31,
      "points_extra": 0,
      "points_reason": "",
      "detail": []
    },
    {
      "user": "mlbsonoman",
      "team": "Orioles",
      "scheduled": 34,
      "played": 20,
      "wins": 6,
      "losses": 14,
      "remaining": 14,
      "k": 0,
      "points": 26,
      "points_base": 26,
      "points_extra": 0,
      "points_reason": "",
      "detail": []
    },
    {
      "user": "L_Sanz7",
      "team": "Yankees",
      "scheduled": 34,
      "played": 15,
      "wins": 8,
      "losses": 7,
      "remaining": 19,
      "k": 0,
      "points": 23,
      "points_base": 23,
      "points_extra": 0,
      "points_reason": "",
      "detail": []
    },
    {
      "user": "Papotico013213",
      "team": "Cubs",
      "scheduled": 34,
      "played": 14,
      "wins": 8,
      "losses": 6,
      "remaining": 20,
      "k": 0,
      "points": 22,
      "points_base": 22,
      "points_extra": 0,
      "points_reason": "",
      "detail": []
    },
    {
      "user": "Juanbrachog",
      "team": "Padres",
      "scheduled": 34,
      "played": 17,
      "wins": 5,
      "losses": 12,
      "remaining": 17,
      "k": 0,
      "points": 22,
      "points_base": 22,
      "points_extra": 0,
      "points_reason": "",
      "detail": []
    },
    {
      "user": "Amorphis8076",
      "team": "White Sox",
      "scheduled": 34,
      "played": 18,
      "wins": 2,
      "losses": 16,
      "remaining": 16,
      "k": 0,
      "points": 20,
      "points_base": 20,
      "points_extra": 0,
      "points_reason": "",
      "detail": []
    },
    {
      "user": "itschinoo02",
      "team": "Astros",
      "scheduled": 34,
      "played": 11,
      "wins": 7,
      "losses": 4,
      "remaining": 23,
      "k": 1,
      "points": 18,
      "points_base": 18,
      "points_extra": 0,
      "points_reason": "",
      "detail": []
    },
    {
      "user": "lnsocial",
      "team": "Marlins",
      "scheduled": 34,
      "played": 9,
      "wins": 5,
      "losses": 4,
      "remaining": 25,
      "k": 3,
      "points": 14,
      "points_base": 14,
      "points_extra": 0,
      "points_reason": "",
      "detail": []
    },
    {
      "user": "MR TRAMPA PR",
      "team": "Nationals",
      "scheduled": 34,
      "played": 8,
      "wins": 5,
      "losses": 3,
      "remaining": 26,
      "k": 4,
      "points": 13,
      "points_base": 13,
      "points_extra": 0,
      "points_reason": "",
      "detail": []
    }
  ],
  "games_today": [],
  "last_updated": "2025-09-19 14:10:00"
}